,text,annotation,notes 
0,yeah cuz i live with my older brother who has it. i like to keep up on some of my shows. but if he didn’t have it or i lived on my own i definitely wouldn’t have it.  netflix is so much cheaper ,y,"content (netflix, lives with brother)"
1,Yes. Probably one that is yet to be named or found,o,„complexer syntax“. 
2,"63 Ford Fairlane. Sure, I would own it but probably not drive it often.",o,"can drive, sounds more formale"
3,The favorite skeleton of REAL early Gen Z is Cortez from Paper Mario TTYD 😤😤😤,y,"emoticons, specific words and self reference"
4,"Yeah, as I recall there were a lot of people working furiously to make sure that didn't become a problem.  Hell, that's what they were doing in Office Space.",o,"longer words and sentences, content, but language wise not super clear"
5,"I didn’t say the far right wasn’t absolutely abhorrent either. And I know there is more to the far left also. They have their own ideas, but as I stated, I don’t think I can agree with them. ",o,"content, political formal"
6,"HAHAHA that was awesome. I was expecting some cringy shit since it said Tumblr. 
Thanks!",y,"cringe, Tumblr, HAHA"
7,I would have told you that it was insane to think that we would ever have actual Nazis in the White House.,o,no youth language
8,You know there are officers that only answer QOL calls. I forget the actual term But they don’t answer any dangerous calls they just ride around the city encouraging/talking to kids etc etc,o,content „talking to kids“
9,"Unfortunately, it is against school policy to record, even just audio. I go to private school and I could get kicked out. ",y,content wise because goes to school but style not so clear
10,"Gee, I must be wary of Christian rape gangs next time I stop by Europe yeah?",y,because of „gee“?
11,"Kendrick Lamar, Migos, and Nicki MInaj are my contemporary go-tos. And Eminem is still killing it. Have you heard [his recent collab with Royce da 5'9""](https://www.youtube.com/watch?v=dARAN1z2KqY)?

EDIT: Oh and I fucking love Rich Brian.

EDIT: Oh, and while Lil Jon is generally not really my thing, turn down for what might be the song of the century.",y,"but difficult, „killin it“"
12,"Are you somehow under the impression than I'm defending slavery in any form?  From what I have read it seems to me that being a slave in the Americas with no hope for freedom for you, your children, or your grandchildren would be worse than what happened in *most* of Africa.

That's all I have to say about it.  Be pithy to someone else in some other forum.",o,"content, long sentences"
13,"We aren’t the ones who grew up with advanced technology, we still had things like mobile phones but we didn’t have smart phones and the like. We still had tv instead of streaming no social media stars and stuff like that I don’t think we are “digital babiz”",o,clearly content
14,"Hard to come up with a definition that fits everyone, but those who have it seem to know it.",o,complex sententence structure and no abbreviations
15,"Physically, 17-24 year olds are adults. 

Mentally, I'd argue we're not since our brains develop until we're 25. Also, a lot of it has to with our society today, we're less mature than people the same age as us were in the past.

There were studies published in 2017 (based on data collected over decades) that showed 18 year olds in 2017 had the maturity of 15 year olds in 2007 with 22 year olds in 2017 having the maturity of 18 year olds from 2007.",o,"sounds very mature, but probably not too old"
16,"I remember the ads very well, and was in favor of UH at the time. However, it won't influence my voting because I don't believe Hillary Clinton could possibly pass UC. It's a third rail for her now. 

Besides...the system isn't quite broken enough. I think Obama figured it would take 10+ years for insurance to bail.",o,"no youth language, politics"
17,"For some reason I thought this would say ""with a wolf whistle""",o,"unclear though, too little context, no obv. youth language"
18,Your comment was pathetic. - from a Millenial. We are an overly sensitive generation full of SJWs finding things to complain about. ,o,„from a millenial“
19,I had solid 3 years of happiness from 26 to 29. Nothing compares to that time so far.,o,clear from content
20,Not at the moment. My mom makes me do rec softball every summer and I did swim for a while. I am going to try out for my school volleyball team this year though! ,y,"from content, language wise not so much"
21,"Don't get hooked up with the wrong partner.

It'll ruin you from a financial and emotional perspective.

Stay away from borrowing.  Easy to buy, hard to pay off.
Get a decent *marketable* education. It doesn't have to cost a lot.
Community college and transfer to state university.",o,"„marketable“, the content definitely"
22,"2006 at the absolute latest since they will be the last ones who were teenagers in the 2010s. Extending it to 2010 would mean cutting out people born 95-97, since they simply can't relate to those who were children throughout the 2010s, having themselves been teenagers for half the decade and then young adults for the latter part of the decade. Ideally gen z would start at 1992 or 1993, since they're the first ones who were never teenagers in the early 2000s before social media blew up.",o,content 
23,"I only use Facebook because one of my closest friend tags me in stuff. Instagram I almost exclusively use for holiday/milestone posts on my main and then I have my spam account where I rant and stuff. I use Snapchat for streaks, mainly. Reddit I primarily use for learning new things and the community because I think that’s something reddit is really good at. I use tumblr for more artistic stuff. 

I agree that Instagram is becoming pretty useless. Especially considering that the explore page is often the same 10-20 pictures or videos just reposted.",y,but sounds like an old ppl thing to say
24,"Yo ho ho  
Yum in my tum  
Bark when it’s dark  
Eating  
Up  
Legs  ",y,not sure what it is but sounds like rap??
25,"Ha! Tell your uncle I started traveling at age 46 for the first time out of the country, have been to over 25 countries and loved every second of it. It's never too late.",o,clear from content
26,"Yup, remembering phone numbers. I told my daughter to call up a friend, her number is .... and I just rattled it off the top of my head. She looked at me like I had magic powers.",o,clear from content but also no abbreviations
27,"I retired a few years ago and moved away from a neighborhood where I had lived for thirty years.  Although friendships ebbed and flowed this neighborhood was generally a very friendly place, too friendly sometimes. Moving away too a new city I have not developed the friendships like I had but honestly don’t miss them. I have a few people I can call when I need to and I go to visit a few folks every two or three months. My dogs and garden keep me busy and fulfilled.",o,clear from content but also no abbreviations
28,"You might want to just ask her where she’s always wanted to go.   If she’s only going to get one cool trip in her life, it might as well be to see something she’s always wanted to see. ",y,youngish? using the word „cool“
29,"I understand your perspective but, for me, it's all about trust. One cannot trust someone a little bit; it's an all-or-nothing concept.",o,nothing youngish sounding in the style